하얀책상 도안2호점 보드카페,"대전 유성구 원신흥로55번길 66-23 1층
(지번) 원신흥동 508-8","
영업시간 매일 11:00 ~ 23:00","042-823-2540

"
대전보드게임카페타운 보드카페,"대전 유성구 대학로151번길 28 3층
(지번) 궁동 409-9","
영업시간 매일 14:00 ~ 23:00","042-822-6543

"
메카 보드카페,"대전 유성구 대학로151번길 8 지하1층
(지번) 궁동 425-10","
영업시간 월,수,목,일 15:00 ~ 01:00","042-823-2331
"
보드플렉스 보드카페,"대전 서구 둔산로 32-11 4층
(지번) 둔산동 1054",,
체스카페 보드카페,"대전 서구 둔산중로 40
(지번) 둔산동 1417",,
카페코나 보드카페,"대전 서구 도산로369번길 92 2층
(지번) 괴정동 423-23",,
카페코나 괴정2호점 보드카페,"대전 서구 용문로 36-1 2층
(지번) 괴정동 48-52",,"042-528-5059
"
라이트앤게임즈 보드카페,"대전 서구 도안남로 142 도안프라자 2층
(지번) 관저동 1750","
영업시간 월,화,수,목,일 13:00 ~ 22:00","070-5214-0481

"
레드버튼 은행점 보드카페,"대전 중구 중앙로164번길 7 지하 1층
(지번) 은행동 45-5","
영업시간 월~목 13:00 ~ 01:00","042-256-3799
"
잼보드게임 보드카페,"대전 중구 대둔산로 397
(지번) 산성동 117-5","
영업시간 매일 13:00 ~ 02:00","042-581-0110

"
태기보드게임카페 보드카페,"대전 대덕구 한남로12번길 27
(지번) 오정동 223-264",,"042-633-9921

"
홈즈앤루팡 보드게임카페 대전은행점,"대전 중구 중앙로156번길 10 3층
(지번) 은행동 142-4","
영업시간 월~목 13:00 ~ 01:00","042-252-8707

"
히어로보드게임카페 복합터미널점,"대전 동구 동서대로 1688 빅플러스타워 2층
(지번) 성남동 494-15","
영업시간 월~목 13:00 ~ 23:00","042-624-0123

"
보드막보드카페 은행점 보드카페,"대전 중구 중앙로164번길 26 2층
(지번) 은행동 33-1","
영업시간 매일 11:00 ~ 24:00","042-221-2522
"
두더지하 보드카페,"대전 중구 중앙로164번길 37 지하1층
(지번) 은행동 76-10",,"042-352-8136

"
탑 보드카페,"대전 동구 홍도로33번길 74-12 2층
(지번) 홍도동 96-2",,
프렌즈 보드카페,"대전 동구 동대전로 139 3층
(지번) 자양동 141-3",,
욜로게임즈 보드카페,"세종특별자치시 갈매로 351 에비뉴힐 2123호
(지번) 어진동 671",,"044-867-7010

"
한국보드 보드카페,"대전 대덕구 대덕대로1504번길 43
(지번) 목상동 195-2",,"010-8368-9342
"
드림보드게임장 보드카페,"충남 논산시 계백로 1178
(지번) 지산동 757-2",,
더홀릭보드게임카페 충북대점 보드카페,"충북 청주시 서원구 1순환로674번길 3 2,3층
(지번) 사창동 480","
영업시간 월~목 13:00 ~ 01:00","043-716-0230

"
정글비 분평점 보드카페,"충북 청주시 서원구 1순환로1107번길 21 조은주차빌딩 201호
(지번) 분평동 1383","
영업시간 월~금 13:00 ~ 23:00","043-287-1029
"
정글비 청주지웰시티점 보드카페,"충북 청주시 흥덕구 대농로 39 엘케이트리플렉스 205호
(지번) 복대동 288-124","
영업시간 월~금 14:00 ~ 23:00","043-235-5322

"
홈즈앤루팡 보드카페,"충북 청주시 상당구 상당로81번길 26 3층
(지번) 북문로1가 165",,"043-223-8707
"
보드플렉스 보드카페,"충북 청주시 상당구 성안로 19-2 4층
(지번) 북문로1가 70-5","
영업시간 월~금 12:00 ~ 24:00",
모노폴리보드게임 보드카페,"충북 청주시 서원구 1순환로672번길 62 지하1층
(지번) 사창동 460",,"043-263-5582
"
런보드카페 보드카페,"충북 청주시 서원구 1순환로672번길 46
(지번) 사창동 454-1",,
보드게임카페 레드버튼 천안점 보드카페,"충남 천안시 동남구 만남로 48 알지비빌딩 7층 701호
(지번) 신부동 462-5","
영업시간 월~목 13:00 ~ 24:00","041-621-2080

"
레드박스 보드카페,"충남 아산시 배방읍 호서로 234
(지번) 배방읍 회룡리 180-1","
영업시간 매일 09:30 ~ 22:00","010-6833-5190

"
스페이스공간 보드카페,"충남 천안시 서북구 불당33길 36 천아빌딩 4층
(지번) 불당동 1629",,"
"
정글비 청주오창점 보드카페,"충북 청주시 청원구 오창읍 중심상업1로 20 엘케이트리플렉스2 201호
(지번) 오창읍 양청리 820-2","
영업시간 월~금 14:00 ~ 23:00","043-213-5548
"
케이아레나 보드카페,"충북 청주시 청원구 1순환로 134 4층
(지번) 율량동 2073",,
킹덤보드게임카페 보드카페,"충남 천안시 동남구 먹거리11길 25 4층
(지번) 신부동 461-4","
영업시간 매일 13:00 ~ 01:00","
"
홈즈앤루팡 천안점 보드카페,"충남 천안시 동남구 만남로 28 5층
(지번) 신부동 461-1","
영업시간 월~목 13:00 ~ 24:00","041-567-8707

"
큐브트리 보드카페,"충남 천안시 동남구 먹거리11길 36 3층
(지번) 신부동 463-1","
영업시간 월~금 12:00 ~ 22:00","041-567-5840
"
온앤오프 보드카페,"전북 전주시 덕진구 명륜3길 14 1동 3층
(지번) 덕진동1가 1264-5","
영업시간 월~목 13:00 ~ 24:00","063-271-7983

"
보드막보드게임카페 보드카페,"전북 전주시 완산구 전주객사5길 30-2 1층
(지번) 고사동 58-1","
영업시간 매일 12:00 ~ 24:00","063-288-8780
"
보드박스 보드카페,"전북 전주시 덕진구 명륜3길 10-2 2층
(지번) 덕진동1가 1265-2","영업중
월,화,수,목,일 12:30 ~ 03:00","010-2354-6756

"
수다 보드카페,"전북 전주시 완산구 전주객사5길 47 로얄타운 2층
(지번) 고사동 206-2","
영업시간 매일 12:30 ~ 22:30","063-282-5874

"
마스터홀덤라운지앤펍 보드카페,"충남 천안시 서북구 성정공원5로 26 4층 402호
(지번) 성정동 1483",,
보드게임카페 온앤오프 전주직영점,"전북 전주시 덕진구 명륜3길 14 3층
(지번) 덕진동1가 1264-5","
영업시간 월~목 13:00 ~ 23:00","063-271-7983
"
블랙보드카페 보드카페,"전북 전주시 완산구 홍산북로 69-9 2층
(지번) 효자동3가 1528-12",,
큐브보드게임카페 보드카페,"전북 전주시 완산구 전주객사5길 47 2층
(지번) 고사동 203-6","
영업시간 매일 12:00 ~ 24:00",
더홀릭 전주점 보드카페,"전북 전주시 완산구 홍산중앙로 18
(지번) 효자동3가 1541-9",,"063-221-1977
"
브레인체스 보드카페,"전북 전주시 완산구 화산천변6길 10
(지번) 중화산동2가 817-8",,"063-222-8761
"
세븐보드카페 보드카페,"전북 전주시 덕진구 건산로 290 1층
(지번) 우아동2가 866-11",,
골드문 전주본점 보드카페,"전북 전주시 덕진구 건산로 82 2층
(지번) 진북동 256-4",,"063-902-0187

"
블랙홀 보드카페,"전북 전주시 덕진구 백제대로 639
(지번) 금암동 1589-1",,
하얀책상 홍성점 보드카페,"충남 홍성군 홍성읍 홍성천길 166
(지번) 홍성읍 오관리 366-9","
영업시간 매일 10:00 ~ 22:00",
블루칩 보드카페,"전북 완주군 이서면 안전로 141
(지번) 이서면 갈산리 664-10",,
디마켓 보드카페,"전북 전주시 완산구 솟대2길 2 2층
(지번) 삼천동1가 668-7","
영업시간 화~일 10:00 ~ 22:00",
띵 보드카페,"전북 군산시 나운로 66 201호
(지번) 나운동 828-5","
영업시간 월~금 14:00 ~ 24:00","010-7448-3618

"
놀러와다락방 보드카페,"경기 평택시 비전5로 20-45 좋은프라자2 401호
(지번) 비전동 1109","
영업시간 매일 13:00 ~ 22:00","031-656-9130
"
카페1215 보드카페,"충남 홍성군 홍성읍 조양로143번길 33
(지번) 홍성읍 오관리 277-35",,
리플레이보드게임카페 보드카페,"경기 평택시 비전5로 20-25 3층
(지번) 비전동 1108-1","
영업시간 월~금 13:00 ~ 24:00","031-651-3245

"
더홀릭보드게임카페 평택역점 보드카페,"경기 평택시 평택2로10번길 8 4층
(지번) 평택동 46-2","
영업시간 월~목 13:00 ~ 24:00","010-9196-5133

"
정글비 평택용죽점 보드카페,"경기 평택시 용죽3로 22 여유빌딩 2층
(지번) 용이동 685-1","
영업시간 월~금 13:00 ~ 23:00","031-8054-8547

"
보스카페 보드카페,"경기 안성시 석정2길 22 2층
(지번) 석정동 257","
영업시간 매일 12:00 ~ 02:00","010-5187-1510

"
조커보드게임 보드카페,"경기 평택시 평택2로10번길 34 스타로데오 7층
(지번) 평택동 291-2",,"031-651-7959

"
세븐보드카페 보드카페,"경기 안성시 대덕면 내리1길 3 1층
(지번) 대덕면 내리 690-1","영업중
매일 00:00 ~ 24:00","031-675-2064
"
티키타카 보드카페,"경북 상주시 경상대로 2910 상가 1층 102호
(지번) 낙양동 444",,
탑스홀덤토너먼트카페 보드카페,"경기 평택시 비전5로 20-51 5층 502호
(지번) 비전동 1107-1",,
보드게임카페 레드버튼 수원점 보드카페,"경기 수원시 팔달구 향교로1번길 2 3층
(지번) 매산로1가 16-5","
영업시간 월~목 13:00 ~ 01:00","031-256-3799

"
방탈출NO1 보드카페,"경기 수원시 팔달구 권광로187번길 24 영진빌딩 5층
(지번) 인계동 1041-11","
영업시간 월~금 12:00 ~ 24:00","031-221-5669

"
올인홀덤카페 보드카페,"경기 안성시 석정1길 8
(지번) 석정동 266-8",,
갬블고니카페 보드카페,"경기 평택시 평남로 1053 3층
(지번) 동삭동 692-3","영업중
매일 18:00 ~ 06:00","031-691-7072
"
보드게임카페 레드버튼 동성로점,"대구 중구 동성로5길 25 몰디브코리아빌딩 4층 401호
(지번) 삼덕동1가 5-2","
영업시간 월~목 13:00 ~ 01:00","053-424-3799

"
드라굿즈카페 보드카페,"경기 평택시 관광특구로 11 1층
(지번) 서정동 821-3",,"031-611-1119
"
구구보드카페 보드카페,"전북 군산시 대학로 549
(지번) 미룡동 872-1",,
프리스콜레 광교점 보드카페,"경기 수원시 영통구 센트럴타운로 106 센트럴프라자 2층 214호
(지번) 이의동 1322-5","
영업시간 월,화,수,목,일 10:00 ~ 23:00","031-304-4115

"
에이플러스보드게임카페 보드카페,"경기 수원시 팔달구 효원로265번길 41 순경빌딩 4층
(지번) 인계동 1043-9","영업중
매일 00:00 ~ 24:00","031-237-8859
"
보드게임카페 레드버튼 안산점 보드카페,"경기 안산시 단원구 고잔1길 37 송원빌딩 501호
(지번) 고잔동 539-19","
영업시간 월~목 13:00 ~ 01:00","031-411-3799

"
쓰리랑보드카페 보드카페,"경기 평택시 비전6길 20
(지번) 비전동 990-4",,
더홀릭 수원역점 보드카페,"경기 수원시 팔달구 향교로 15 3, 4층
(지번) 매산로1가 33-4","
영업시간 월~목 13:00 ~ 01:00",
레드버튼 영통점 보드카페,"경기 수원시 영통구 청명남로 32 6층
(지번) 영통동 1010-1","
영업시간 월~목 14:00 ~ 02:00","031-273-8466

"
정글비 오산수청점 보드카페,"경기 오산시 오산대역로 214 G플레이스상가 2층 203호
(지번) 수청동 617-6","
영업시간 월~금 14:00 ~ 23:00","031-376-6090

"
히어로보드게임카페 서현점 보드카페,"경기 성남시 분당구 분당로53번길 16 정일빌딩 4층
(지번) 서현동 268-3","
영업시간 월,화,수,목,일 12:00 ~ 23:00","031-707-0939

"
데블다이스 보드게임카페 강남점 보드카페,"서울 강남구 테헤란로1길 29 4층
(지번) 역삼동 816-6","
영업시간 매일 12:00 ~ 24:00","0507-1370-3912

"
로티플보드카페 보드카페,"경기 평택시 관광특구로 13 4층
(지번) 서정동 818-34",,"
"
레드버튼 서현점 보드카페,"경기 성남시 분당구 분당로53번길 19 피아자코코빌딩 4층 402호
(지번) 서현동 269-2","
영업시간 월~목 11:00 ~ 01:00","031-701-9905

"
홈즈앤루팡 수원역점 보드카페,"경기 수원시 팔달구 향교로 25 3,4층
(지번) 매산로2가 28-3","
영업시간 월~목 13:00 ~ 01:00","031-244-2166

"
알로하프렌즈 보드카페,"경기 화성시 동탄대로시범길 134 카림애비뉴 1차상가 2층 2044,2045호
(지번) 청계동 536",,"031-831-5697

"
몬스터핸드보드카페 방이점 보드카페,"서울 송파구 오금로13길 9 4층
(지번) 방이동 62-8","
영업시간 월~목 14:00 ~ 02:00","02-422-6054
"
히어로보드게임카페 홍대1호점 보드카페,"서울 마포구 와우산로21길 31-10 2층
(지번) 서교동 364-22","
영업시간 월~금 13:00 ~ 24:00","02-6368-6001

"
보드빌 보드카페,"경기 용인시 처인구 명지로40번길 4 링크153타워 402호
(지번) 역북동 750-2","
영업시간 월,화,수,목,금,일 12:00 ~ 22:00","031-323-5017

"
히어로보드게임카페 충주연수점 보드카페,"충북 충주시 갱고개로 158
(지번) 연수동 1611","
영업시간 월,화,수,목,일 13:00 ~ 24:00",
삼층다락방 보드카페,"대구 중구 동성로6길 52 3층
(지번) 공평동 59-4","
영업시간 매일 10:30 ~ 01:00","
"
보드게임카페지니어스 보드카페,"경기 화성시 동탄반석로 144
(지번) 반송동 103-1",,
보드게임카페 레드버튼 범계점 보드카페,"경기 안양시 동안구 평촌대로223번길 52 원천빌딩 5층 502호
(지번) 호계동 1045-6","
영업시간 월~목 13:00 ~ 01:00","031-388-3799

"
레드버튼 아주대점 보드카페,"경기 수원시 영통구 아주로 38 2층
(지번) 원천동 18-6",,
키랩보드게임 룸카페 건대본점 보드카페,"서울 광진구 아차산로33길 49 키랩 보드게임 룸카페 건대본점
(지번) 화양동 11-7","
영업시간 월~금 13:00 ~ 24:00","070-8098-7300

"
홈즈앤루팡 분당서현점 보드카페,"경기 성남시 분당구 서현로210번길 16 유성트윈프라자1차 4층 404,405호
(지번) 서현동 248-4","
영업시간 월~금 13:00 ~ 24:00","031-708-8707

"
보드게임카페 홈즈앤루팡 안산중앙점,"경기 안산시 단원구 고잔2길 65 3층
(지번) 고잔동 540-14","
영업시간 월~목 13:00 ~ 01:00","031-364-8710

"
히어로보드게임카페 건대1호점 보드카페,"서울 광진구 아차산로 221 3층
(지번) 화양동 7-4","
영업시간 월~목 13:00 ~ 24:00","02-466-1203

"
브이보드게임카페 보드카페,"경기 성남시 중원구 광명로16번길 4 3층
(지번) 성남동 3239","
영업시간 월~목 15:00 ~ 02:00","070-4353-0733

"
히어로보드게임카페 안양1번가점,"경기 안양시 만안구 안양로292번길 14 3층
(지번) 안양동 674-256","
영업시간 월,화,수,목,일 13:00 ~ 24:00","031-441-8626

"
더아지트 보드카페,"경기 안산시 단원구 중앙대로 907 안산종합상가 4동 3층
(지번) 고잔동 541","
영업시간 월~금 12:00 ~ 24:00",
홀덤천국 보드카페,"경기 평택시 고덕중앙로 200-4 우성고덕타워 2층 205,206호
(지번) 고덕동 1973-1","
영업시간 매일 17:00 ~ 24:00","010-9054-4634
"
정글비 동탄점 보드카페,"경기 화성시 동탄중심상가2길 32 골드프라자 4층
(지번) 반송동 87-6","
영업시간 월~금 13:00 ~ 23:00","031-8003-2345

"
플레이온보드게임카페 신림점 보드카페,"서울 관악구 남부순환로 1592 3층
(지번) 신림동 1639-8","영업중
월~금 13:00 ~ 06:00","02-882-5727
"
보드게임카페 레드버튼 안양점 보드카페,"경기 안양시 만안구 장내로149번길 41 3층 301호
(지번) 안양동 674-215","
영업시간 월~목 13:00 ~ 01:00","031-441-3799

"
열린문보드게임 보드카페,"경기 수원시 권선구 덕영대로 1302 1층 102호
(지번) 곡반정동 503-1","영업중
매일 00:00 ~ 24:00","070-7585-7362

"
히어로보드게임카페 영통점 보드카페,"경기 수원시 영통구 청명남로 31 키라레스토아 4층
(지번) 영통동 998-8","
영업시간 월~목 14:00 ~ 01:00","031-202-1233

"
플레이보드게임 보드카페,"경북 구미시 인동중앙로3길 29 4층
(지번) 황상동 305-2","
영업시간 월~목 14:00 ~ 24:00","054-475-3031

"
히어로보드게임카페 홍대2호점 보드카페,"서울 마포구 홍익로6길 15 3층
(지번) 동교동 162-3","
영업시간 월~목 13:00 ~ 24:00","02-3142-7767

"
레드버튼 강남점 보드카페,서울 강남구 역삼동 814-5 1층,"
영업시간 월~목 13:00 ~ 01:00","02-566-3799

"
플레이보드 홍대2호점 보드카페,"서울 마포구 잔다리로6길 20-9 3층
(지번) 서교동 366-7","
영업시간 매일 12:00 ~ 23:30","070-4106-0111

"
레드버튼 동성로2호점 보드카페,"대구 중구 동성로3길 62 2층
(지번) 공평동 63","
영업시간 월~목 13:00 ~ 01:00","053-427-3799

"
키키보드게임카페 보드카페,"경기 화성시 향남읍 상신하길로 320 704호
(지번) 향남읍 하길리 1465-1","
영업시간 월~금 14:00 ~ 23:00","031-352-7929
"
히어로보드게임카페 수원점 보드카페,"경기 수원시 팔달구 향교로 29 3층
(지번) 매산로2가 27-30","
영업시간 월,화,수,목,일 13:00 ~ 24:00","031-252-1203

"
아지트보드게임카페 보드카페,"경기 용인시 기흥구 관곡로 92-1 5층
(지번) 구갈동 353-5","
영업시간 매일 12:00 ~ 24:00","070-7543-6680

"
블랙클로버 보드카페,"경기 평택시 고덕국제대로 7 3층
(지번) 고덕동 2226-2",,
스몰월드 이수점 보드카페,"서울 동작구 동작대로27가길 48 5층
(지번) 사당동 147-41","
영업시간 매일 12:00 ~ 23:30","02-532-7909

"
히어로보드게임카페 안산점 보드카페,"경기 안산시 단원구 고잔로 108 대동조이월드 6층
(지번) 고잔동 539-2","
영업시간 월,화,수,목,일 13:00 ~ 24:00","031-439-1027

"
드림보드게임카페 보드카페,"경기 용인시 기흥구 죽전로 11 미래시티 4층 403-2호
(지번) 보정동 1195-3","
영업시간 매일 14:00 ~ 02:00","031-897-5169
"
데블다이스 보드게임카페 병점점 보드카페,"경기 화성시 효행로 1052 씨네샤르망 A동 8층
(지번) 병점동 844-1","
영업시간 매일 11:00 ~ 23:00","0507-1368-3912

"
스몰월드 보드카페,"서울 관악구 과천대로 947 4층
(지번) 남현동 1061-23","
영업시간 월~금 13:00 ~ 23:30",
라마보드게임카페 보드카페,"충북 충주시 갱고개로 167 3층
(지번) 연수동 1434","
영업시간 월~금 15:00 ~ 23:00","043-847-6226
"
홈즈앤루팡 동성로점 보드카페,"대구 중구 동성로1길 28 3층
(지번) 봉산동 35-87","
영업시간 월~목 13:00 ~ 01:00","070-4799-3502
"
더홀릭보드게임카페 성균관대역점,"경기 수원시 장안구 서부로2126번길 9 2층
(지번) 율전동 288-4","
영업시간 월~목 13:00 ~ 01:00",
보드게임아지트 보드카페,"서울 영등포구 영중로 31 3층
(지번) 영등포동4가 65-2","
영업시간 월~금 13:00 ~ 23:00",
레드버튼 신촌점 보드카페,"서울 서대문구 연세로 8 3층
(지번) 창천동 18-31","
영업시간 월~목 13:00 ~ 01:00","02-363-3799

"
보드에바나나 보드카페,"서울 송파구 백제고분로45길 7 2층 202호
(지번) 송파동 45-5","
영업시간 화~금 14:00 ~ 23:00","02-423-2728

"
다락다락방 보드카페,"경기 용인시 수지구 죽전로 152-1 단대프라자1 지하1층
(지번) 죽전동 1335-3",,"031-889-1314
"
히어로보드게임카페 부천점 보드카페,"경기 부천시 부천로9번길 28 3층
(지번) 심곡동 175-17","
영업시간 월~금 13:00 ~ 24:00","032-665-6001

"
뮤직 보드카페,"경기 수원시 팔달구 향교로 149-1
(지번) 교동 2-33",,"031-258-2255
"
정글비 배곧신도시점 보드카페,"경기 시흥시 서울대학로278번길 21 새롬프라자2차 3층 307호
(지번) 정왕동 2515-2","
영업시간 월~금 14:00 ~ 23:00","031-433-4412

"
21보드게임카페 보드카페,"대구 북구 학정로 429 2층 201호
(지번) 동천동 896-5","
영업시간 매일 13:00 ~ 01:00","010-9883-0919

"
데블다이스 보드게임카페 강남대로점,"서울 강남구 강남대로 428 만이빌딩 3층
(지번) 역삼동 815-4","
영업시간 매일 12:00 ~ 24:00","0507-1371-3912

"
너나들이 월성점 보드카페,"대구 달서구 조암로 39 SI타워 302호
(지번) 월성동 1840","
영업시간 매일 12:00 ~ 24:00",
타이틀보드게임카페 보드카페,"경기 수원시 영통구 반달로 24
(지번) 영통동 1008-5","영업중
월~목 13:00 ~ 03:00","031-202-8707
"
히어로보드게임카페 건대본점 보드카페,"서울 광진구 능동로13길 39 한아름쇼핑센터 2층
(지번) 화양동 10-1","
영업시간 월~금 13:00 ~ 24:00","02-466-8001

"
홈즈앤루팡 인천구월점 보드카페,"인천 남동구 성말로 9 이노프라자 3층 303호
(지번) 구월동 1457","
영업시간 월~금 13:00 ~ 00:00","032-424-7856
"
통통 보드카페,"충북 제천시 내제로 183-1
(지번) 의림동 296",,"043-648-2654

"
다이스타운 보드카페,"서울 강남구 봉은사로2길 37 3층
(지번) 역삼동 813-16","
영업시간 월,화,수,목,일 12:00 ~ 23:00","02-555-6588

"
레드버튼 신림점 보드카페,"서울 관악구 신림로 323 3층
(지번) 신림동 1640-48","
영업시간 월~목 13:00 ~ 01:00","02-877-3799

"
히어로보드게임카페 부평점 보드카페,"인천 부평구 시장로 12 2층
(지번) 부평동 153-21","
영업시간 월~금 13:00 ~ 24:00","032-506-6333

"
플레이독스 보드카페,"서울 광진구 능동로 163 지하 1층
(지번) 화양동 94-61","
영업시간 월~금 13:00 ~ 22:30","02-497-5789
"
정글비 위례신도시점 보드카페,"경기 성남시 수정구 위례광장로 322 아이플렉스 2층 202호
(지번) 창곡동 508","
영업시간 매일 14:00 ~ 23:00","070-8670-4145

"
더조커 보드카페,"서울 마포구 잔다리로2길 19 2층
(지번) 서교동 366-24","
영업시간 월~금 12:00 ~ 24:00","02-324-5088
"
보드게임하자 보드카페,"서울 동작구 만양로14길 25 지하 1층
(지번) 노량진동 124-6","
영업시간 매일 13:00 ~ 23:00","02-812-1062

"
공간보드게임카페 보드카페,"경기 수원시 영통구 대학로 34 경기캠퍼스프라자 501호
(지번) 이의동 1258-4",,"070-8810-2727
"
데블다이스 보드카페,"경기 안양시 동안구 평촌대로223번길 28 에이스프라자 3층
(지번) 호계동 1044-2",,"0507-1367-3912

"
큐브보드카페 보드카페,"서울 강남구 강남대로102길 16 4층
(지번) 역삼동 619-3","
영업시간 매일 11:30 ~ 23:30","02-563-5880
"
쪽지길보드게임카페 보드카페,"경기 수원시 팔달구 정조로 775-10
(지번) 팔달로3가 102-7",,"031-245-3822
"
비비보드카페 보드카페,"경기 수원시 팔달구 권광로207번길 12 3층
(지번) 인계동 1037-6",,
더홀릭보드게임카페 범계점 보드카페,"경기 안양시 동안구 평촌대로223번길 48 백운빌딩 5층 502호
(지번) 호계동 1045-7","
영업시간 월~목 13:00 ~ 01:00","031-381-3108

"
보드게임카페 레드버튼 부평점 보드카페,"인천 부평구 부평대로12번길 17 3층 301호
(지번) 부평동 193-73","
영업시간 월~목 13:00 ~ 01:00","032-525-3799

"
조커보드카페 보드카페,"경기 오산시 궐동로 5
(지번) 궐동 680-3",,"031-375-1951
"
홀덤챔피언 보드카페,"경북 구미시 금오시장로3길 6-1
(지번) 원평동 1027-8",,
다빈치보드게임카페 보드카페,"서울 광진구 아차산로 235 6층
(지번) 화양동 7-13","
영업시간 매일 13:00 ~ 24:00","02-6083-0667
"
온앤오프 분당서현점 보드카페,"경기 성남시 분당구 분당로53번길 20 지하 1층
(지번) 서현동 268-2","
영업시간 매일 12:00 ~ 01:00","
"
푸른하늘 보드게임카페 보드카페,"서울 송파구 송파대로 459
(지번) 석촌동 184-5",,"010-2736-6494
"
프렌즈룸카페 보드카페,"대구 중구 중앙대로 412-21 3층
(지번) 사일동 54-1",,
몬스터핸드 보드카페,"서울 송파구 올림픽로8길 10 3층
(지번) 잠실동 177-5","영업중
월~금 14:00 ~ 06:00","02-424-6054
"
알파고보드카페 보드카페,"서울 구로구 공원로6나길 12 2층
(지번) 구로동 40-3","영업중
매일 16:00 ~ 04:00","02-6369-1239

"
마법사보드카페 보드카페,"경기 화성시 동탄기흥로 147-13
(지번) 방교동 829-4",,
보드게임놀이터 보드카페,"대구 중구 동성로6길 43 3층
(지번) 공평동 16-22","
영업시간 월,화,수,목,금,일 12:00 ~ 23:00","053-428-1212
"
너나들이 대구본점 보드카페,"대구 달성군 다사읍 달구벌대로 875 3층
(지번) 다사읍 매곡리 1546-12",,"053-583-6627
"
와룸보드게임카페 보드카페,"서울 관악구 남부순환로226길 28 지하1층
(지번) 봉천동 1599-3","
영업시간 월~금 13:00 ~ 23:00","010-6694-1258

"
플레이어스 보드카페,"경기 용인시 처인구 명지로40번길 15-17 골든프라자2동 3층 306호
(지번) 역북동 755-1","휴무일
수요일","031-321-2315

"
더홀릭보드게임카페 서현점 보드카페,"경기 성남시 분당구 서현로210번길 14 지하1층
(지번) 서현동 248-3","
영업시간 매일 13:00 ~ 01:00","070-8800-3514

"
레드버튼 구월점 보드카페,"인천 남동구 인하로489번길 28 4층
(지번) 구월동 1463-2","
영업시간 월~목 13:00 ~ 01:00","032-439-3799

"
이스케이프시티 부천 신중동점 보드카페,"경기 부천시 중동로248번길 105 조이럭타운 5층 503호
(지번) 중동 1138-2","
영업시간 매일 12:00 ~ 23:00","070-5044-7345

"
보드스테이지 보드카페,"인천 남동구 인하로507번길 63
(지번) 구월동 1458-1","
영업시간 월,화,수,목,일 13:00 ~ 24:00",
펀타임 강남점 보드카페,"서울 강남구 테헤란로1길 17 상우빌딩 3층
(지번) 역삼동 820-2",,"02-557-0327
"
김조커의 보드게임카페 보드카페,"강원 원주시 능라동길 47 2층
(지번) 무실동 1857-12","
영업시간 월~금 12:30 ~ 23:00","070-8803-7777

"
보드게임하트 보드카페,"경기 화성시 경기대로 1025-5 501호
(지번) 병점동 381-17",,
보드게임카페 레드버튼 산본점 보드카페,"경기 군포시 산본로323번길 16-30 성보빌딩 지하1층
(지번) 산본동 1133-1","
영업시간 월~목 13:00 ~ 01:00","031-399-3799

"
키랩보드게임 룸카페 프리미엄점 보드카페,"서울 광진구 동일로24길 96 키랩보드게임 룸카페 프리미엄점
(지번) 화양동 8-58","
영업시간 매일 09:00 ~ 24:00","070-7913-7300

"
에이스보드카페 보드카페,"서울 마포구 독막로7길 27 지하1층
(지번) 서교동 400-3","영업중
월,화,수,목,일 13:00 ~ 03:00","010-3293-1122
"
카지노펍보드카페 보드카페,"경기 수원시 팔달구 권광로187번길 31 3층
(지번) 인계동 1042-3",,"031-236-8566
"
디아날로그 보드카페,"서울 영등포구 영신로40길 5 성진빌딩 지하1층
(지번) 영등포동6가 121-9","
영업시간 월~금 14:00 ~ 23:00","02-6404-3250

"
나인보드카페 보드카페,"경기 용인시 수지구 풍덕천로139번길 6-5 4층
(지번) 풍덕천동 710-6",,"031-266-5169
"
빌보드게임카페 보드카페,"경기 수원시 장안구 서부로 2130 2층
(지번) 율전동 287","
영업시간 월~금 13:00 ~ 24:00","031-297-3580

"
달무티 교대점 보드카페,"서울 서초구 서초대로58길 18 지에스타워 지하 1층 B02호
(지번) 서초동 1675-10","
영업시간 화~금 15:00 ~ 23:00","02-3478-5080

"
레드버튼 홍대점 보드카페,"서울 마포구 홍익로 19 3층
(지번) 서교동 358-1",,"
"
킹스맨보드게임카페 보드카페,"경기 시흥시 중심상가4길 16 하영빌딩 2층
(지번) 정왕동 1739-5","영업중
월~금 14:30 ~ 04:00","031-434-2484

"
타이틀보드카페 보드카페,"경기 성남시 분당구 돌마로 79 수협바다마트3층 썬프라자 301호
(지번) 금곡동 153","영업중
매일 13:30 ~ 06:00","031-716-8707
"
알라딘보드카페 보드카페,"경기 용인시 수지구 광교중앙로296번길 4
(지번) 상현동 1133-1",,"031-211-8889
"
코마이스케이프 홍대점 보드카페,"서울 마포구 어울마당로 55-1
(지번) 서교동 403-1","
영업시간 매일 10:00 ~ 23:30","02-336-3533

"
윙보드게임카페 보드카페,"서울 성동구 마조로 7 3층
(지번) 행당동 19-101","
영업시간 매일 13:00 ~ 23:00",
레드버튼 부천점 보드카페,"경기 부천시 부일로 459 4층
(지번) 심곡동 382-3","
영업시간 월~목 13:00 ~ 01:00","032-654-3799

"
코코보드게임카페 보드카페,"경기 성남시 분당구 장미로 86
(지번) 야탑동 360-3","영업중
월~금 15:00 ~ 06:00","031-702-6777

"
풀하우스 보드카페,"경기 용인시 수지구 풍덕천로139번길 3 5층
(지번) 풍덕천동 713-3","영업중
매일 13:00 ~ 04:00","010-9469-1577
"
펀보드게임카페 보드카페,"서울 강남구 선릉로86길 34 3층
(지번) 대치동 896-25","영업중
월~금 15:00 ~ 06:00","02-568-0870

"
히어로보드게임카페 부천중동점 보드카페,"경기 부천시 석천로177번길 20 3층
(지번) 중동 1163-12","
영업시간 월,화,수,목,일 13:00 ~ 24:00","032-321-5391

"
보드놀이터 보드카페,"서울 마포구 홍익로 9-1
(지번) 서교동 358-151","
영업시간 월~금 13:00 ~ 23:00","02-6339-4538

"
다이스라떼(DCC카페) 보드카페,"서울 동대문구 천호대로83길 93 동우빌딩 2층
(지번) 장안동 428-3","
영업시간 화~금 14:00 ~ 22:00","02-960-7159

"
카페드봉봉 보드카페,"경기 부천시 부천로3번길 45 부천프라자 2층
(지번) 심곡동 387-1","
영업시간 화~일 14:00 ~ 24:00","032-663-1433

"
히어로보드게임카페 원주단계점 보드카페,"강원 원주시 장미공원길 36 3층
(지번) 단계동 855-3","
영업시간 월~목 12:00 ~ 24:00","
"
보드604 보드카페,"인천 연수구 샘말로43번길 19 3층
(지번) 연수동 604","
영업시간 매일 15:00 ~ 02:00","010-5109-1793

"
홈즈&루팡 범계점 보드카페,"경기 안양시 동안구 평촌대로223번길 44 3층
(지번) 호계동 1045-8","
영업시간 월~목 13:00 ~ 01:00","031-383-8707

"
홀덤인서산 보드카페,"충남 서산시 호수공원6로 61 3층
(지번) 예천동 1259-1","영업중
월~토 19:00 ~ 03:00","
"
보드스토리 보드카페,"서울 종로구 종로12길 16 대성빌딩 4층
(지번) 관철동 19-3","
영업시간 매일 13:00 ~ 23:30","02-732-5400
"
토너랩 보드카페,"경기 수원시 팔달구 아주로 25 3층
(지번) 우만동 577-1",,"070-5089-4678
"
나인원 건대점 보드카페,"서울 광진구 아차산로31길 28 지하 1층
(지번) 화양동 8-50","
영업시간 매일 12:00 ~ 24:00","
"
보드게임101 보드카페,"서울 종로구 새문안로3길 23 경희궁의아침4단지 지하상가 107호
(지번) 내수동 73","영업중
매일 00:00 ~ 24:00","070-8627-1688

"
하이힐 보드카페,"서울 용산구 보광로59길 36 5층
(지번) 이태원동 66-2",,"02-790-3106

"
더지니어스 보드카페,"경기 광주시 경안로 5 3층
(지번) 경안동 22-2",,"031-765-3179
"
정글비 하남미사점 보드카페,"경기 하남시 미사강변중앙로198번길 35 우성르보아리버 2층 206호
(지번) 망월동 1096-2","
영업시간 월~금 14:00 ~ 24:00","031-794-9212

"
플레이어스19 보드카페,"경기 성남시 분당구 분당로53번길 13 산호트윈스2 4층 407호
(지번) 서현동 269-4","
영업시간 매일 10:00 ~ 23:00","031-706-6737

"
다빈치보드게임카페 보드카페,"서울 강남구 강남대로102길 14 3, 4층
(지번) 역삼동 619-4","
영업시간 매일 13:00 ~ 24:00","02-567-3757
"
옐로우미플 보드카페,"서울 마포구 연희로1길 45 3층
(지번) 연남동 383-38","
영업시간 월~목 13:30 ~ 24:00","070-8624-1777

"
아지트보드게임 보드카페,"경기 수원시 팔달구 향교로 22 지하 1층
(지번) 매산로1가 41-2",,"031-207-4200
"
매버릭보드카페 보드카페,"경기 화성시 동탄중심상가2길 29 5층
(지번) 반송동 88-6",,
더홀릭보드게임카페 배곧점 보드카페,"경기 시흥시 배곧3로 96 4층 402호
(지번) 정왕동 2514","
영업시간 월~목 13:00 ~ 24:00","031-8044-0037

"
스몰월드 서울대점 보드카페,"서울 관악구 관악로 168 2층
(지번) 봉천동 856-1","
영업시간 월~금 13:00 ~ 23:30","02-877-7909

"
홀덤스타 북문점 보드카페,"경기 수원시 장안구 팔달로 287 1층
(지번) 영화동 166-23","영업중
매일 18:00 ~ 06:00","010-4482-1674
"
보드스토리 건대점 보드카페,"서울 광진구 동일로22길 104 진명빌딩 7층
(지번) 화양동 7-9","
영업시간 매일 13:00 ~ 23:30","02-465-7770
"
가즈아 배틀보드게임 보드카페,"인천 남동구 논고개로 61
(지번) 논현동 747-1",,
플레이온보드게임카페 구디점 보드카페,"서울 구로구 디지털로32길 97-33 3층
(지번) 구로동 1124-2","영업중
월~금 14:00 ~ 06:00","02-857-5727
"
몬스터핸드 잠실점 보드카페,"서울 송파구 백제고분로7길 39 4층
(지번) 잠실동 183-1","
영업시간 월~목 14:00 ~ 01:00","02-415-6054

"
욜로 보드카페,"경기 성남시 중원구 둔촌대로101번길 25 분당인텔리지1 3층 킨스타워333호
(지번) 성남동 3488",,
레드버튼 충장로점 보드카페,"광주 동구 중앙로160번길 31-6
(지번) 황금동 63",,"062-227-3799
"
보드게임카페 따숲 보드카페,"경기 용인시 수지구 현암로 157 한솔프라자 5층 502호
(지번) 죽전동 1188-3","
영업시간 화~토 14:00 ~ 23:00","010-8212-2962
"
세븐보드게임카페 보드카페,"경기 성남시 분당구 황새울로258번길 32 코리아나빌딩 3층 302호
(지번) 수내동 7-5",,"
"
네옥스보드카페 보드카페,"경기 광명시 신기로17번길 3 서원빌딩 4층 405,406호
(지번) 일직동 510-6","영업중
매일 00:00 ~ 24:00","010-4965-4999
"
홈즈앤루팡 산본점 보드카페,"경기 군포시 산본로323번길 16-25 삼일빌딩 5층
(지번) 산본동 1136-2","
영업시간 월~목 13:00 ~ 01:00","031-392-3008

"
히어로보드게임 범계점 보드카페,"경기 안양시 동안구 평촌대로 223 지하1층
(지번) 호계동 1044-8","
영업시간 월~목 13:00 ~ 24:00","031-476-5959
"
더블디 보드카페,"경기 화성시 수노을중앙로 156 폴리프라자2 4층 402호
(지번) 새솔동 76-12","
영업시간 화~금 13:00 ~ 23:00","0507-1358-4723
"
홈즈앤루팡 건대점 보드카페,"서울 광진구 아차산로 241 2층 202,203호
(지번) 화양동 6-7","
영업시간 월~금 13:00 ~ 24:00","02-465-5536

"
보드게임카페 보드스쿨 보드카페,"서울 강남구 테헤란로1길 16
(지번) 역삼1동 818-15",,"02-3288-8658
"
포퀸스보드카페 보드카페,"서울 관악구 관악로 152 3층
(지번) 봉천동 1598-18","
영업시간 월~금 13:00 ~ 02:00","02-877-6787
"
아지트보드게임카페 보드카페,"대구 북구 칠곡중앙대로 337-1 2층
(지번) 태전동 989-5","
영업시간 매일 14:00 ~ 02:00","070-8980-9998

"
정글비 시흥은계점 보드카페,"경기 시흥시 은계번영길 7 단디프라자 304호
(지번) 은행동 646-2","
영업시간 월~금 13:00 ~ 23:00","031-315-9464
"
포퀸스보드카페 보드카페,"서울 강서구 마곡동로 62 마곡사이어스타워 5층
(지번) 마곡동 796-3","영업중
매일 13:00 ~ 04:00","02-2063-3755

"
홈즈앤루팡 강남점 보드카페,"서울 강남구 테헤란로1길 48 2층
(지번) 역삼동 619-16",,"02-567-8707

"
포커몬 기흥점 보드카페,"경기 용인시 기흥구 강남로 6 4층
(지번) 구갈동 595-1","영업중
매일 19:00 ~ 03:00",
보드게임카페 판 보드카페,"경기 성남시 분당구 분당로53번길 15
(지번) 서현동 269-3",,
브레인보드게임카페 보드카페,"경기 안산시 단원구 선부로 244 2층
(지번) 와동 759-3",,"031-8044-2277

"
강남텍사스홀덤 보드카페,"서울 강남구 삼성로86길 20 3층
(지번) 대치동 956-1",,"010-7918-9630

"
더플레이어 보드게임카페 보드카페,"경기 수원시 영통구 반달로7번길 16 5층
(지번) 영통동 998-4",,"031-206-6667
"
카페잭스 보드카페,"경기 수원시 영통구 광교중앙로25번길 68
(지번) 원천동 582-7",,"070-8816-1016
"
보드스테이지 보드카페,"인천 연수구 송도과학로16번길 33-3 C동 2층 219호
(지번) 송도동 176-1","
영업시간 월~금 12:00 ~ 24:00","032-816-7942
"
히어로보드게임카페 철산점 보드카페,"경기 광명시 오리로856번길 12 4층
(지번) 철산동 409","
영업시간 월~목 13:00 ~ 01:00","02-2060-3429

"
데블다이스 보드게임카페 안양점 보드카페,"경기 안양시 만안구 안양로 300 3층
(지번) 안양동 674-124","
영업시간 매일 12:00 ~ 24:00","0507-1369-3912

"
이수마장앤보드게임 보드카페,"서울 서초구 서초대로1길 15 진주빌딩 지하
(지번) 방배동 1656",,"010-9199-4955

"
보드게임카페 홈즈앤루팡 홍대점,"서울 마포구 홍익로3길 8 5층
(지번) 서교동 356-3","
영업시간 월~금 13:00 ~ 22:00","02-336-8708

"
위펀 보드카페,"서울 강남구 논현로175길 75 지하1층
(지번) 신사동 547-5","
영업시간 매일 13:00 ~ 23:00","070-7770-7705

"
비비홀덤 광장점 보드카페,"대구 달서구 야외음악당로39길 63 3층
(지번) 두류동 613-13","
영업시간 월~금 16:00 ~ 24:00","010-5880-4820
"
런 보드카페,"경기 안양시 동안구 인덕원로 20 2층
(지번) 관양동 1490-49",,
히어로보드게임카페 산본점 보드카페,"경기 군포시 산본로323번길 20-17 거성빌딩2차 4층
(지번) 산본동 1139","
영업시간 월~금 13:00 ~ 24:00","031-393-1203

"
캡틴보드카페 보드카페,"경기 성남시 분당구 야탑로69번길 21 2층
(지번) 야탑동 353-1","영업중
매일 12:00 ~ 04:00","031-708-6084
"
미르보드카페 보드카페,"서울 관악구 신림로11길 13 2층
(지번) 신림동 241-66","
영업시간 월~금 14:00 ~ 23:00","010-5931-0523

"
보드게임카페박스(BOX) 보드카페,"광주 동구 충장로 84-1
(지번) 충장로2가 21","
영업시간 월,화,수,목,일 13:00 ~ 23:00",
레드버튼 대학로점 보드카페,"서울 종로구 대명길 9 4층
(지번) 명륜4가 8-4","
영업시간 월~목 13:00 ~ 01:00","02-763-3799

"
광주방탈출카페 브레인 보드카페,"광주 동구 중앙로160번길 15-2 3층
(지번) 황금동 20","
영업시간 매일 12:00 ~ 24:00","062-223-1440

"
플렉스보드게임카페 보드카페,"서울 종로구 종로 119 3층
(지번) 종로3가 13-4","
영업시간 월~금 13:30 ~ 23:00","010-5762-0369

"
펄레드카페 보드카페,"서울 강동구 성안로 173 1104호
(지번) 천호동 151-2","
영업시간 월~금 09:00 ~ 22:00","
"
세라비보드카페 보드카페,"서울 영등포구 영등포로50길 5 3층
(지번) 영등포동3가 13","영업중
매일 13:00 ~ 03:00","02-2635-8446
"
다이스보드게임카페 황금점 보드카페,"광주 동구 중앙로160번길 30-1 3층
(지번) 황금동 91-1","
영업시간 월~금 12:30 ~ 24:00","062-236-1109

"
리플레이멀티보드게임카페 보드카페,"경기 용인시 기흥구 동백중앙로 283 골드프라자 C동 2층 207,208호
(지번) 중동 829","
영업시간 월~금 13:00 ~ 24:00","031-287-8167
"
정글비 경기양평점 보드카페,"경기 양평군 양평읍 남북로 68
(지번) 양평읍 창대리 649-9","
영업시간 월~금 14:00 ~ 22:00","070-7543-7700

"
홀덤치기좋은날 보드카페,"서울 관악구 봉천로 516 2층
(지번) 봉천동 1601-23","
영업시간 월~목 19:00 ~ 02:00","010-5007-9391

"
트리플보드카페 보드카페,"경기 성남시 분당구 구미로9번길 7 제2층 211호
(지번) 구미동 186-1","영업중
매일 00:00 ~ 24:00","031-715-2276

"
트리플나인 보드카페,"경기 용인시 기흥구 구갈로72번길 10-1 그랜드프라자 308호
(지번) 구갈동 353-7","영업중
월~목 08:00 ~ 03:00",
보드앤 보드카페,"경기 광주시 태봉로 51 성원프라자 307호
(지번) 태전동 251-24","
영업시간 월~토 13:00 ~ 21:00","031-765-0442

"
보드게임카페갬성 보드카페,"서울 송파구 백제고분로41길 26 3층
(지번) 송파동 26",,"
"
S보드게임클럽 보드카페,"경기 성남시 수정구 산성대로 269
(지번) 신흥동 2515",,"031-733-1919
"
히어로보드게임카페 신촌점 보드카페,"서울 서대문구 명물길 23 큐비드빌딩 3층
(지번) 창천동 31-80","
영업시간 월~금 13:00 ~ 24:00","02-6402-5700

"
친구네놀이터 보드카페,"서울 마포구 잔다리로 19
(지번) 서교동 405-3","
영업시간 매일 10:00 ~ 23:00","02-3144-6857
"
히어로보드게임카페 모란점 보드카페,"경기 성남시 중원구 둔촌대로101번길 27 M타워 5층 501,504,505호
(지번) 성남동 3489","
영업시간 월,화,수,목,일 13:00 ~ 01:00","070-4333-2178

"
정글비 대구율하점 보드카페,"대구 동구 안심로16길 47 율하타임스퀘어 309호
(지번) 율하동 1445","
영업시간 화~금 14:00 ~ 23:00","053-965-6299

"
타이쿤보드게임 카페 보드카페,"인천 미추홀구 경인남길30번길 49 2층
(지번) 용현동 194-27",,"032-864-3369

"
게임 아카이브 보드카페,"서울 서초구 효령로23길 45 101호
(지번) 방배동 919-12","
영업시간 매일 13:00 ~ 23:00","02-522-9377

"
스테이보드게임카페 보드카페,"서울 강서구 화곡로58길 25 3층
(지번) 화곡동 1115-26","영업중
매일 15:00 ~ 06:00",
마이티마장 보드카페,"서울 강남구 삼성로81길 35 강남빌딩 5층
(지번) 대치동 901-40","영업중
매일 00:00 ~ 24:00","0507-1398-2226

"
화이트엔젤 천호점 보드카페,"서울 강동구 올림픽로70길 61 두산위브센티움 2층
(지번) 천호동 414","
영업시간 매일 12:00 ~ 23:00","02-477-8031

"
보드스쿨 범계점 보드카페,"경기 안양시 동안구 평촌대로223번길 59 서련코아 405호
(지번) 호계동 1046-3","
영업시간 월~금 13:00 ~ 23:00","
"
데블다이스 보드게임카페 신촌점,"서울 서대문구 연세로5가길 1 5층
(지번) 창천동 57-8","
영업시간 매일 12:00 ~ 00:00","0507-1357-0343
"
대니보드게임카페 보드카페,"서울 관악구 남부순환로266길 6 지하1층
(지번) 남현동 1056-31","
영업시간 매일 11:30 ~ 23:30","010-9974-5970

"
데블다이스 보드게임카페 강남3호점,"서울 강남구 테헤란로1길 42 5층
(지번) 역삼동 619-18","
영업시간 매일 12:00 ~ 24:00","0507-1372-3912

"
AK펍 보드카페,"전북 부안군 부안읍 부풍로 59
(지번) 부안읍 서외리 36-4",,"010-5268-0364
"
이스케이프시티 성신여대점 보드카페,"서울 성북구 보문로34길 43 세학빌딩 6층
(지번) 동선동1가 49","
영업시간 월~금 14:00 ~ 23:00","070-4065-7355

"
라스보드카페 보드카페,"서울 강남구 언주로172길 36 지하 1층
(지번) 신사동 642-1","영업중
매일 00:00 ~ 24:00","02-3442-0320
"
월드보드카페 보드카페,"서울 강북구 도봉로87길 9 4층
(지번) 수유동 229-33","
영업시간 월~목 13:00 ~ 24:00","02-6959-3213

"
KSOP STADIUM 대구지점 보드카페,"대구 동구 효동로6길 86 3층
(지번) 효목동 1010-10","영업중
월~목 00:00 ~ 24:00","02-6949-2082

"
에이 보드게임카페 보드카페,"서울 강남구 논현로161길 16 지하 1층
(지번) 신사동 569-18",,"010-6499-9594

"
아지트 경북대점 보드카페,"대구 북구 산격로6길 29-2 2층
(지번) 산격동 1393-24",,"070-8285-6811
"
써미타스플레이스 보드카페,"강원 원주시 서원대로 111 103호
(지번) 단계동 1114-1",,"070-4117-1017
"
깔깔고블린 보드카페,"서울 마포구 동교로17안길 10
(지번) 서교동 461-2",,"
"
카카오보드카페 보드카페,"경기 성남시 분당구 구미로 11
(지번) 구미동 187-4",,
데블다이스 보드게임카페 강남4호점,"서울 강남구 테헤란로1길 42 6층
(지번) 역삼동 619-18","
영업시간 매일 12:00 ~ 24:00","070-8838-3912

"
펀보드카페 보드카페,"대구 북구 경대로5길 34 3층
(지번) 대현동 112-69",,"053-939-1095
"
아수라발발타 보드카페,"서울 강남구 강남대로118길 15 3층
(지번) 논현동 182-27","영업중
매일 13:00 ~ 07:00","070-7517-8153
"
퍼스트보드게임카페 구월점 보드카페,"인천 남동구 인하로 497-23 4층
(지번) 구월동 1466-1","
영업시간 월~목 13:00 ~ 01:00",
보드게임카페봉봉 보드카페,"경기 부천시 부일로483번길 15 2층
(지번) 심곡동 168-9","
영업시간 화~일 10:00 ~ 24:00","032-663-1433

"
킹덤보드게임카페 신림점 보드카페,"서울 관악구 신림로59길 12 6층
(지번) 신림동 1640-39","
영업시간 월~목 13:00 ~ 22:00","02-6439-3232
"
에이스보드게임 보드카페,"경기 성남시 중원구 제일로63번길 30
(지번) 성남동 3411",,
퍼스트보드게임카페 대학로점 보드카페,"서울 종로구 대학로 130 3층
(지번) 동숭동 1-34","
영업시간 월~목 13:00 ~ 01:00","02-3672-1253

"
고릴라보드게임카페 보드카페,"인천 부평구 시장로29번길 7
(지번) 부평동 193-14","영업중
매일 00:00 ~ 24:00","032-503-6003
"
쵸파보드카페 보드카페,"경기 안산시 단원구 고잔1길 42 우성빌딩 4층 401,402호
(지번) 고잔동 540-2",,"
"
잭보드카페 압구정점 보드카페,"서울 강남구 언주로172길 59 지하 1층
(지번) 신사동 662-11","
영업시간 매일 06:00 ~ 24:00","02-548-0779
"
다이스카페 상무본점 보드카페,"광주 서구 상무중앙로 7 9층
(지번) 치평동 1176-3","
영업시간 월~금 14:00 ~ 23:09","062-382-1109
"
달콤한상상 보드카페,"서울 양천구 신월로38길 12
(지번) 신정동 1020-9",,"02-2062-8569

"
명탐정보드게임카페 광주점 보드카페,"광주 동구 중앙로160번길 31-12 2층
(지번) 황금동 68-2","
영업시간 매일 12:00 ~ 24:00","070-8767-8588

"
지지보드게임카페 보드카페,"서울 강서구 강서로 24 4층
(지번) 화곡동 894-18","
영업시간 월,화,수,목,일 13:00 ~ 02:00","02-2699-5110

"
보드팩토리 보드카페,"서울 마포구 어울마당로 70 서포빌딩 5층
(지번) 서교동 364-15","
영업시간 월,화,수,목,일 13:00 ~ 24:00","02-324-6600

"
지니어스 보드카페,"대구 중구 동성로6길 40 2층
(지번) 공평동 55-1","
영업시간 월~목 12:30 ~ 00:30",
보드놀이터 2호점 보드카페,"서울 마포구 어울마당로 100-6 4층
(지번) 서교동 358-8","
영업시간 월~금 13:00 ~ 24:00","02-6405-4537

"
보드카페아쿠아 보드카페,"서울 영등포구 여의대방로51길 13 지하1층
(지번) 신길동 1243",,"02-6338-9339

"
보드스쿨 산본점 보드카페,"경기 군포시 산본로323번길 16-7 롯데프라자 4층 404호
(지번) 산본동 1135-1",,"
"
퍼스트보드게임카페 부평점 보드카페,"인천 부평구 시장로 21 3층
(지번) 부평동 193-7","
영업시간 월~목 13:00 ~ 01:00","032-503-0326
"
룰루랄라보드게임카페 보드카페,"경기 성남시 분당구 돌마로 47 4층 402호
(지번) 금곡동 166",,"031-714-7115
"
몬스터핸드보드카페 하남미사점 보드카페,"경기 하남시 미사강변중앙로170번길 10 신성프라자 2층 201~203호
(지번) 망월동 1111",,"031-8028-1543

"
룸카페리치 보드카페,"경기 화성시 꽃내음1길 19-26
(지번) 새솔동 77-5",,
미플보드게임 보드카페,"서울 동대문구 회기로 150 지하1층
(지번) 회기동 45-53","
영업시간 매일 12:00 ~ 23:30","070-8836-7788

"
파이널나인 경대북문점 보드카페,"대구 북구 대학로15길 2 2층
(지번) 산격동 1399-4","영업중
매일 19:30 ~ 03:00","010-4444-4878

"
몬스터홀덤 보드카페,"서울 중구 을지로3길 30-5 4층
(지번) 다동 98-1","
영업시간 매일 13:00 ~ 02:00","
"
제이든플레이스보드게임 보드카페,"경기 용인시 수지구 신봉1로 175 2층
(지번) 신봉동 964-1",,"031-262-1055
"
더홀릭 보드게임카페 철산점 보드카페,"경기 광명시 오리로856번길 18 락희빌딩 5층
(지번) 철산동 401","
영업시간 월,화,수,목,일 12:00 ~ 01:00","0507-1491-2778
"
플립보드게임카페 샤로수길점 보드카페,"서울 관악구 관악로16길 46 지하1층
(지번) 봉천동 1611-3","
영업시간 매일 13:00 ~ 23:00",
보드게임카페홈즈앤루팡 신촌점 보드카페,"서울 서대문구 연세로 12 지하1층
(지번) 창천동 18-21","
영업시간 월~금 12:30 ~ 02:00","02-365-8282

"
더홀릭 강남점 보드카페,"서울 강남구 테헤란로84길 9 2층
(지번) 대치동 943-8",,"02-555-9438
"
보드게임카페 잠실새내점 보드카페,"서울 송파구 올림픽로10길 9 진영빌딩 4층
(지번) 잠실동 180-1","
영업시간 월~목 13:00 ~ 01:00","02-420-3799
"
큐브 목동본점 보드카페,"서울 양천구 목동로25길 16
(지번) 신정동 895-26",,"02-2694-0123
"
묵찌빠보드게임까페 보드카페,"인천 부평구 부평문화로 72-1
(지번) 부평동 201-132","
영업시간 매일 11:00 ~ 23:30","032-522-0251
"
오케이 보드카페,"광주 광산구 첨단중앙로124번길 62
(지번) 월계동 877-5",,"062-973-9874
"
마이턴 보드게임카페 보드카페,"서울 서대문구 연세로5가길 8-6 3층
(지번) 창천동 31-47",,"02-3141-7700
"
사가정 명카페보드게임 보드카페,"서울 중랑구 사가정로51길 39 3층
(지번) 면목동 595-51","
영업시간 월~목 15:00 ~ 24:00","070-5025-2060
"
마인드셋 보드카페,"서울 서초구 동작대로 36 대광빌딩 지하1층
(지번) 방배동 442-3","영업중
매일 00:00 ~ 24:00","010-8816-3735
"
울퍼보드게임카페 보드카페,"서울 송파구 백제고분로7길 24-17 2층
(지번) 잠실동 190-4","
영업시간 월,수,목,금,토,일 12:00 ~ 24:00","0507-1335-3502

"
W보드카페 보드카페,"서울 강남구 선릉로155길 29 지하1층
(지번) 신사동 656","영업중
매일 00:00 ~ 24:00",
Fake보드까페 보드카페,"경기 성남시 수정구 산성대로 259-1 지하1층
(지번) 신흥동 4186",,
데블다이스 보드게임카페 홍대점 보드카페,"서울 마포구 어울마당로 116 3층
(지번) 서교동 345-6","
영업시간 매일 12:00 ~ 23:50","070-4234-3912

"
쿼즈 보드카페 보드카페,"서울 양천구 오목로 337-10 지하1층 2호
(지번) 목동 406-271","
영업시간 월~금 16:00 ~ 02:00",
조이보드카페 보드카페,"서울 강남구 선릉로157길 14-7 압구정빌딩 지하1층
(지번) 신사동 663-17","영업중
매일 00:00 ~ 24:00","02-6013-2950

"
썬보드카페 보드카페,"서울 강남구 테헤란로22길 13 예동빌딩 지하1층
(지번) 역삼동 736-42",,"02-557-7673

"
크라임씬카페 코티지가든 보드카페,"서울 마포구 양화로6길 57 지하 1층
(지번) 서교동 396-36","
영업시간 화,수 18:00 ~ 22:00","010-8575-2642

"
사당텍사스홀덤 보드카페,"서울 관악구 남현1길 20 2층
(지번) 남현동 1064-3","
영업시간 월~토 18:00 ~ 01:00",
홀덤오피스 보드카페,"대구 북구 동천로23길 30-21 6층 601호
(지번) 동천동 953-2","영업중
매일 18:00 ~ 05:00","010-4742-4500

"
텍사스보드카페 보드카페,"서울 성동구 마조로1가길 11 지하
(지번) 행당동 4-6",,
놀이터보드카페 보드카페,"경기 광주시 경안로 37
(지번) 경안동 36-31",,
써미타스플레이스 보드카페,"강원 원주시 서원대로 402 4층 402호
(지번) 단구동 1511-4",,
트럼프샵 보드카페,"대구 북구 대학로15길 8-1 2층
(지번) 산격동 1393-15","
영업시간 월~금 17:00 ~ 02:30","
"
보드스토리 보드카페,"서울 강동구 천호대로157길 17 3층
(지번) 천호동 454-64","
영업시간 매일 13:00 ~ 23:30",
파이널나인 지산점 보드카페,"대구 수성구 용학로 293-10 2층
(지번) 지산동 1288-12","
영업시간 월~금 10:00 ~ 19:00","010-8297-3336

"
제임스보드게임카페 보드카페,"경기 안양시 동안구 관평로182번길 30 한솔프라자 4층
(지번) 관양동 1603-8",,"031-345-5884
"
팬텀홀덤앤보드카페 동춘점 보드카페,"인천 연수구 앵고개로246번길 39-22 3층
(지번) 동춘동 933-15",,"
"
메이드보드게임카페 보드카페,"서울 마포구 잔다리로 25 우신빌딩 지하1층
(지번) 서교동 395-91","영업중
월~금 13:00 ~ 03:00","070-4135-1122
"
JT보드카페 보드카페,"경기 성남시 수정구 시민로142번길 15
(지번) 신흥동 4105",,"010-8338-1541
"
레끄레오 보드게임카페 보드카페,"서울 마포구 홍익로6길 27 4층
(지번) 동교동 162-10","
영업시간 월~목 12:00 ~ 23:00",
위치스브루 보드카페,"인천 계양구 계양대로 166 정우빌딩 2층
(지번) 계산동 968-12","
영업시간 월,수,목,금,토,일 13:00 ~ 24:00","032-271-2931

"
하프보드카페 보드카페,"경기 성남시 분당구 성남대로926번길 6 대덕프라자 3층 301호
(지번) 야탑동 361-5",,"031-705-8600
"
하비게임몰 보드카페,"경기 부천시 중동로254번길 104 호정프라자 403호
(지번) 중동 1138",,"070-8848-7799

"
카페깔깔고블린 보드카페,"서울 마포구 동교로17안길 10 1층
(지번) 서교동 461-2","
영업시간 화~금 11:00 ~ 22:00","070-4150-4612

"
히어로보드게임카페 발산점 보드카페,"서울 강서구 강서로 385 우성에스비타워 3층
(지번) 마곡동 727-1271","
영업시간 월~목 13:00 ~ 24:00","02-3665-0435

"
베가스 보드게임카페 보드카페,"서울 송파구 올림픽로10길 9
(지번) 잠실동 180-1",,"070-8953-5229
"
큐큐보드게임 보드카페,"경기 시흥시 대은로 86 302호
(지번) 은행동 535",,"070-7766-9950
"
홈즈앤루팡 노원점 보드카페,"서울 노원구 상계로 64 화랑빌딩 3층
(지번) 상계동 617","
영업시간 매일 12:00 ~ 24:00","02-952-8707
"
포카드 보드카페,"대구 북구 연경지묘로 2 2층
(지번) 연경동 962-3",,"010-2450-9905

"
승리룸보드카페 보드카페,"서울 구로구 경인로 342 3층
(지번) 개봉동 170-41",,"02-2614-5800
"
포퀸스보드카페 등촌점 보드카페,"서울 강서구 공항대로59가길 10 한울H밸리움 지하 1층
(지번) 등촌동 648-11","영업중
매일 00:00 ~ 24:00","02-2659-9008

"
레이지클라우드 보드카페,"서울 동대문구 휘경로 5-1 7층
(지번) 이문동 288-26","
영업시간 월,수,목,금,토,일 13:00 ~ 23:00","02-966-9622

"
아수라발발타 역삼점 보드카페,"서울 강남구 테헤란로33길 13 서안빌딩 3층
(지번) 역삼동 678-16","영업중
매일 00:00 ~ 24:00","02-553-6443
"
007보드카페 보드카페,"경기 부천시 중동로254번길 78
(지번) 중동 1143-3","영업중
월~목 15:00 ~ 04:00","032-322-2003

"
놀이터보드카페 보드카페,"경기 화성시 꽃내음1길 19-18 송산프라자 701호
(지번) 새솔동",,
더룸보드카페 보드카페,"경기 안양시 동안구 관평로182번길 23
(지번) 관양동 1602-6",,
보드게임공간 보드카페,"서울 관악구 관악로 168 2층
(지번) 봉천동 856-4",,
보드게임카페 로직 안암점 보드카페,"서울 성북구 고려대로24길 36 3층
(지번) 안암동5가 102-32","
영업시간 매일 13:00 ~ 23:00","010-7311-2283
"
헬로보드게임카페 보드카페,"인천 연수구 샘말로7번길 3
(지번) 연수동 600-6",,"070-7767-8000
"
보드카페고 보드카페,"서울 강남구 언주로172길 60
(지번) 신사동 663-11",,
오렌지보드카페 보드카페,"서울 송파구 중대로9길 29 보광빌라 4층
(지번) 가락동 88",,"010-8344-1269

"
빅토리어스 보드카페,"대구 북구 칠곡중앙대로 189 1층 104호
(지번) 태전동 1113","영업중
매일 19:00 ~ 04:00","010-5519-1116
"
슈퍼보드 홍대점 보드카페,"서울 마포구 어울마당로 98 3층
(지번) 서교동 358-67",,"02-3142-0077
"
4엠지 보드카페,"경기 안양시 만안구 장내로149번길 53
(지번) 안양1동 674-81",,
플레이보드카페 보드카페,"서울 영등포구 국제금융로 86
(지번) 여의도동 43-4",,"02-2272-3179
"
ZIN보드카페 보드카페,"서울 강남구 봉은사로1길 6 3층
(지번) 논현동 201-1",,
홀스 구디점 보드카페,"서울 구로구 디지털로32나길 22 홀스
(지번) 구로동 1124-38",,
토마토보드카페 보드카페,"서울 강남구 테헤란로43길 10 지하1층
(지번) 역삼동 702",,"070-4189-4740

"
보드케이브 보드카페,"서울 관악구 남부순환로145길 14
(지번) 신림동 539-18",,"
"
제이제이 보드카페,"서울 강남구 도곡로4길 5
(지번) 도곡동 942-11",,
보드게임카페윈 보드카페,"경기 성남시 분당구 분당로53번길 14
(지번) 서현동 268-4",,
펀카페 전남대점 보드카페,"광주 북구 우치로100번길 10
(지번) 용봉동 160-3",,"062-261-2808
"
레드버튼 부평2호점 보드카페,"인천 부평구 경원대로1403번길 6 5층
(지번) 부평동 159-44",,"032-517-3799

"
범피플보드게임카페 보드카페,"경기 성남시 분당구 황새울로214번길 8 NS프라자 8층
(지번) 수내동 21-1","영업중
매일 15:00 ~ 03:00","070-8128-5959
"
더룸보드카페 보드카페,"서울 중구 명동8길 37-14
(지번) 충무로2가 66-4",,
올리브보드카페 보드카페,"서울 강남구 테헤란로64길 25 4층
(지번) 대치동 896-1",,"
"
999존 보드카페,"서울 강남구 학동로2길 56 3층
(지번) 논현동 164-14",,"
"
위너보드카페 보드카페,"서울 영등포구 여의대방로 379 제일빌딩 지하 1층
(지번) 여의도동 44-35",,"
"
아수라발발타 보드카페,"서울 서초구 논현로17길 3
(지번) 양재동 277","
영업시간 월~금 09:00 ~ 21:00","02-578-0277
"
큐빅보드카페 보드카페,"서울 송파구 백제고분로7길 6-15 3층
(지번) 잠실동 195-4","영업중
매일 15:00 ~ 05:00","02-424-2442
"
보드까페칸 보드카페,"서울 강남구 언주로172길 55 4층
(지번) 신사동 662-6",,"070-4001-9352
"
미니미 보드게임 룸카페 보드카페,"서울 성북구 동소문로22길 43 4, 5층
(지번) 동선동1가 85-107","
영업시간 월~금 13:00 ~ 23:30",
갤러리보드게임카페 보드카페,"대구 중구 동성로3길 75
(지번) 공평동 16-19",,
디플랜 1호점 보드카페,"서울 금천구 벚꽃로 216
(지번) 가산동 239-12",,
플렉스보드카페 보드카페,"서울 양천구 신정중앙로 94
(지번) 신정동 902-3","
영업시간 월~금 14:00 ~ 02:00","02-2604-3628
"
피케이홀덤 보드카페,"경기 안양시 동안구 관평로305번길 39
(지번) 관양동 1384-29",,
131보드카페 보드카페,"서울 용산구 보광로 124
(지번) 이태원동 131-3",,
플레이 보드카페,"서울 중구 필동로 31 2층
(지번) 필동3가 43-3",,"02-2272-3179
"
빌보드게임카페 보드카페,"서울 마포구 양화로21길 17 2층
(지번) 동교동 154-2","
영업시간 월~금 14:00 ~ 23:00","0507-1458-1258
"
화성스토어 보드카페,"광주 북구 우치로100번길 12 2층
(지번) 용봉동 158-1","
영업시간 매일 13:00 ~ 20:00","062-682-4933

"
카페벨라151 보드카페,"광주 동구 동계천로 151 지하1층
(지번) 동명동 72-12",,
올인(ALL-IN) 보드카페,"광주 광산구 임방울대로 352
(지번) 수완동 1079",,
매드포미니어쳐 보드카페,"서울 광진구 광나루로17길 14-5 지하 1층
(지번) 군자동 371-4",,"02-462-1083

"
올드다이스보드게임 보드카페,"서울 영등포구 영신로41길 2 지하1층
(지번) 당산동1가 183-1","
영업시간 화~일 11:00 ~ 21:00","
"
24시아지트 보드카페,"인천 남동구 인하로489번길 16 세동네오스빌딩 801호
(지번) 구월동 1467",,"032-433-6211
"
펀타임 대학로 보드카페,"서울 종로구 대명길 24 5층
(지번) 명륜2가 36-1","
영업시간 매일 12:00 ~ 24:00",
레드버튼 노원점 보드카페,"서울 노원구 노해로79길 6-19 나동 4층 1, 2호
(지번) 상계동 617","
영업시간 월~목 13:00 ~ 01:00","02-931-3799

"
마작스쿨 역곡마장 보드카페,"경기 부천시 경인로 505 역곡하이뷰 6층 601호
(지번) 괴안동 113-1","
영업시간 매일 11:00 ~ 23:00","010-6561-6009

"
KK홀덤바 보드카페,"서울 강남구 논현로 507
(지번) 역삼동 642-6","영업중
매일 00:00 ~ 24:00","010-7652-5144
"
룰렛 보드카페,"인천 부평구 부평대로20번길 17-1
(지번) 부평동 201-18",,"070-7333-2080

"
더조커 보드카페,"경기 의정부시 태평로73번길 56 4층
(지번) 의정부동 176-20","
영업시간 매일 13:00 ~ 21:00","031-840-5088
"
트리플엠 보드카페,"서울 강남구 도곡로 189 정금빌딩 지하1층
(지번) 역삼동 798-20",,"02-6213-0333

"
위플미플보드게임카페 보드카페,"서울 강서구 화곡로27길 14 3층
(지번) 화곡동 1062-2",,"02-3663-4922

"
봉보드카페 보드카페,"서울 강남구 학동로20길 54 지하1층
(지번) 논현동 147-2",,
네가오길기다려(NEO) 보드카페,"서울 마포구 와우산로17길 22 5층
(지번) 서교동 407-17","
영업시간 매일 10:00 ~ 22:00","010-7586-5704

"
피치브라더스 보드카페,"서울 강동구 올림픽로70길 51 5층
(지번) 천호동 415-33","
영업시간 월,화,수,목,일 13:00 ~ 24:00","02-6012-4860

"
더벙커 보드카페,"서울 동대문구 회기로21길 34 지하1층
(지번) 회기동 25","
영업시간 월~토 12:00 ~ 21:00","02-960-3100
"
떼구르르보드게임카페 보드카페,"서울 강북구 도봉로10길 22 4층
(지번) 미아동 55-3","
영업시간 매일 12:00 ~ 24:00","02-945-5235
"
스다하크보드카페 보드카페,"서울 강남구 강남대로118길 22 3층
(지번) 논현동 183-6",,
아지트 보드카페 보드카페,"경기 부천시 소향로 203 2층 203, 204호
(지번) 중동 1152-3","영업중
월~목 14:00 ~ 04:00","010-8072-0059

"
보드타운 보드카페,"인천 남동구 구월로 362 명품프라자 3층
(지번) 만수동 948-5","
영업시간 월~금 14:00 ~ 02:00","010-4096-0120

"
리치보드게임 보드카페,"광주 서구 군분2로 5
(지번) 화정동 782-26",,
지니어스클럽 보드카페,"강원 원주시 북원로 2235-6
(지번) 단계동 853-5",,
프리다 보드카페,"서울 중랑구 동일로 715
(지번) 상봉동 128-89",,
1st홀덤펍 보드카페,"경기 부천시 상동로 79 3층
(지번) 상동 544-9",,
안녕보드야 보드카페,"인천 서구 중봉대로586번길 15 청연프라자 9층
(지번) 청라동 163-2","
영업시간 매일 12:00 ~ 24:00","032-561-2110

"
모모보드게임카페 압구정점 보드카페,서울 강남구 신사동 578-4 형원빌딩 지하1층,,
제임스보드카페 보드카페,"서울 강남구 언주로85길 23-10
(지번) 역삼2동 723-31",,
아수라발발타 보드카페,"서울 마포구 마포대로4나길 7 2층
(지번) 도화동 290-10",,"02-702-6443
"
다이스홀릭 보드카페,"서울 송파구 가락로 112
(지번) 석촌동 296",,"02-423-5251
"
홈즈앤루팡 일산점 보드카페,"경기 고양시 일산동구 정발산로 23 호수빌딩 5층 501호
(지번) 장항동 862-1","
영업시간 월~금 13:00 ~ 00:00","031-907-9288
"
하얗다가얼마나 보드라운지 보드카페,서울 광진구 화양동 94-61,"
영업시간 매일 13:00 ~ 23:00","02-497-5789
"
슈퍼보드 보드카페,"서울 성북구 동소문로20길 29-17 3층
(지번) 동선동1가 4-4","
영업시간 매일 13:00 ~ 23:00","02-929-0049

"
파이널나인 경산영대점 보드카페,"경북 경산시 대학로59길 6 3층
(지번) 조영동 280-15","영업중
매일 19:00 ~ 05:00","010-3981-7237
"
바니 슬라임&보드게임카페 보드카페,"경기 구리시 산마루로 19 진영트윈타워 B동 402호
(지번) 갈매동 605-2","
영업시간 월~금 13:00 ~ 20:00","070-4205-1122

"
미소쿱 보드카페,"경기 부천시 부천로39번길 42 3층
(지번) 심곡동 377-41",,"070-4252-5010

"
아지트보드게임카페 보드카페,"서울 송파구 올림픽로12길 4-23
(지번) 잠실동 180-6",,"02-412-2848
"
워너플레이 보드카페,"서울 강동구 천호대로 1128 504호
(지번) 성내동 378",,
크림 보드카페,"서울 강남구 도산대로49길 13
(지번) 신사동 648-12",,"02-548-8155
"
아발론 보드게임카페 보드카페,"서울 강북구 노해로8길 22 경남아너스빌 2층 210호
(지번) 수유동 229-49","
영업시간 월~목 14:00 ~ 24:00","070-8872-8716

"
제이제이보드까페 보드카페,"서울 강남구 삼성로84길 14
(지번) 대치동 957-20",,"02-508-4106
"
재미난용봉마을보드게임카페 보드카페,"광주 북구 비엔날레로 103
(지번) 용봉동 1035",,"010-5090-7982
"
나인보드카페 보드카페,"서울 강동구 천호대로157길 15 4층
(지번) 천호동 454-54",,
꼬꼬지보드게임 보드카페,"서울 성동구 왕십리로 410 센트라스 I동 182호
(지번) 하왕십리동 1070","
영업시간 월~금 13:00 ~ 20:00","070-4795-2547
"
써니놀토보드게임 보드카페,"서울 송파구 송파대로28길 32
(지번) 가락동 79-7",,
위너보드카페 보드카페,"서울 마포구 마포대로4길 30-3 2층
(지번) 도화동 55",,
구리 초이스홀덤펍 보드카페,"경기 구리시 체육관로172번길 30 3층
(지번) 수택동 374-11","영업중
매일 18:00 ~ 05:00",
로티플 보드카페,"충북 제천시 대학로15길 1 3층
(지번) 신월동 1253",,
모두다 보드카페,"서울 마포구 양화로12길 8-5 세르보빌딩 3층
(지번) 서교동 395-138",,"
"
보드게임카페클루 보드카페,"서울 은평구 응암로 168 지하
(지번) 응암동 603-62","
영업시간 월~금 14:00 ~ 23:00","010-4228-1140

"
킹콩보드게임 보드카페,"서울 강남구 선릉로157길 14-8
(지번) 신사동 663-21",,
생각노리 보드&체스 보드카페,"서울 영등포구 영중로 75-1 2층 201호
(지번) 영등포동7가 44-4",,"010-9210-4284
"
나눔파티카페 보드카페,"서울 양천구 월정로 66 2층 202호
(지번) 신월동 447-1","
영업시간 매일 13:00 ~ 23:00 · 브레이크타임 매일 18:00 ~ 19:00","070-7756-1582

"
에이비씨보드카페 보드카페,"경기 광주시 포돌이로 3
(지번) 경안동 433-16",,
아쿠아보드카페 보드카페,"서울 송파구 중대로9길 51
(지번) 가락동 91-5",,
정글비 청라점 보드카페,"인천 서구 중봉대로612번길 10-8 반안프라자 204호
(지번) 청라동 162-4","
영업시간 월~금 14:00 ~ 24:00","032-564-3337

"
다이스까페 조대점 보드카페,"광주 동구 필문대로287번길 15-29 지하 1층
(지번) 지산동 520-1",,"062-226-1144
"
블랙다이아몬드 보드카페,"서울 강남구 선릉로157길 14-7
(지번) 신사동 663-17",,
다같이굴려라 보드카페,"경기 부천시 길주로 111 센타프라자 303호
(지번) 상동 535-8",,
보드스쿨 홍대점 보드카페,"서울 마포구 어울마당로 118 천마빌딩 지하1층
(지번) 서교동 345-2","
영업시간 월~금 13:00 ~ 23:00",
레전드보드카페 보드카페,"경기 성남시 중원구 광명로 13 2층
(지번) 성남동 3196",,
루빅스 보드카페,"서울 송파구 백제고분로7길 32-11
(지번) 잠실동 188-2",,"02-416-6882
"
모나코홀덤 보드카페,"인천 남동구 백범로 132 만수프라자 4층 401호
(지번) 만수동 39","
영업시간 월~금 19:00 ~ 02:00","032-566-9618
"
팜스보드게임카페 진주경상대점 보드카페,"경남 진주시 진주대로 518 Y존빌딩 3층
(지번) 가좌동 480-7","
영업시간 월~금 13:00 ~ 01:00","
"
더블업보드카페 보드카페,"서울 송파구 백제고분로7길 32-17
(지번) 잠실동 188-11",,
보드스쿨 대학로점 보드카페,"서울 종로구 대학로 143 3층
(지번) 혜화동 167-3","
영업시간 월~금 13:00 ~ 22:00","02-765-8658
"
골목대장보드카페 보드카페,"서울 강남구 선릉로161길 19
(지번) 신사동 662-9",,
캐슬에이 홀덤펍 보드카페,"서울 마포구 와우산로21길 19-11 3층
(지번) 서교동 362-15","영업중
매일 20:00 ~ 09:00",
더플레이보드게임카페 보드카페,"경기 광명시 오리로854번길 16-10 5층
(지번) 철산동 422",,"02-2688-0882
"
포카드홀덤펍 펜타힐즈점 보드카페,"경북 경산시 펜타힐즈2로 25 힐즈스퀘어4차 2층 201호
(지번) 중산동 638-1","영업중
매일 00:00 ~ 24:00","010-4720-7148
"
비비 보드게임카페 보드카페,"서울 서초구 주흥3길 6
(지번) 반포동 742-18",,
디자인분더 보드카페,"서울 강남구 역삼로63길 21
(지번) 대치동 899-4",,
쿤보드카페 보드카페,"서울 강남구 압구정로42길 32
(지번) 신사동 635-13",,"02-548-6668

"
에이스보드게임카페 보드카페,"서울 동대문구 전농로 94
(지번) 답십리동 68-1",,
히든보드카페 보드카페,"서울 구로구 시흥대로163길 12 3층 301호
(지번) 구로동 1127-18",,"070-4211-0214
"
블랙조커 보드카페,"서울 마포구 성암로 223-1 지하1층
(지번) 상암동 2-10",,
아토즈라운지 보드카페,"서울 서초구 강남대로83길 46 지하1층
(지번) 반포동 733",,
카페비 보드카페,"경기 구리시 이문안로99번길 10-9
(지번) 수택동 453-23",,"031-562-3888
"
모드니 헤이븐 보드카페,"서울 강남구 언주로71길 5-10 지하 1층
(지번) 역삼동 773-14",,"
"
레드다이스 보드카페,"서울 종로구 창경궁로29길 25 명륜빌딩 2층 202호
(지번) 명륜3가 127","
영업시간 매일 13:00 ~ 23:00","070-7581-3501

"
시카고보드카페 보드카페,"서울 관악구 신림로 391
(지번) 신림동 1429-1",,
베가스 보드카페,"서울 관악구 봉천로 250
(지번) 신림동 1428-6",,
AOA 보드카페,"서울 송파구 백제고분로7길 42-12
(지번) 잠실동 187-16",,
놀러와 보드카페,"서울 송파구 백제고분로33길 29
(지번) 석촌동 4-6",,
놀이터보드카페 압구정 보드카페,"서울 강남구 선릉로161길 17
(지번) 신사동 662-14",,
플레이이너프 보드카페,"인천 남동구 구월로 159 4층
(지번) 간석동 292-4",,
엠지엠 보드카페,"서울 강남구 선릉로155길 15 지하 1층
(지번) 신사동 655-3",,"02-3445-2660
"
쇼보드게임카페 보드카페,"경기 구리시 이문안로 72
(지번) 수택동 850",,
보드스쿨 연신내점 보드카페,"서울 은평구 연서로29길 19 금화빌딩 3층
(지번) 갈현동 453-1",,"02-6082-8658

"
보드아일랜드 보드카페,"서울 관악구 신원로 38 지하1층
(지번) 신림동 1637-23","
영업시간 매일 12:00 ~ 24:00","02-6235-1595
"
겜지노 보드카페,"서울 강남구 도산대로51길 40
(지번) 신사동 657-32",,"02-541-7727
"
상상보드카페 보드카페,"서울 관악구 신림로 376
(지번) 신림동 1428-12",,
게임사피엔스 보드카페,"경기 부천시 길주로 280 프리머스 부천타워 407호
(지번) 중동 1141-2",,
메이저보드카페 보드카페,"경기 부천시 원종로 136
(지번) 고강동 338-12",,
플레이보드 성신여대점 보드카페,"서울 성북구 동소문로22길 30 3층
(지번) 동선동1가 4-2",,"02-953-0623
"
마블보드카페 보드카페,"서울 강남구 논현로95길 29-13
(지번) 역삼동 644-3",,
스테이보드카페 보드카페,"서울 용산구 서빙고로95길 22
(지번) 보광동 63-2",,
한라봉보드스토리 보드카페,"경기 안양시 만안구 박달로539번길 41 202호
(지번) 박달동 61-6",,"010-3940-2091
"
스마일 보드카페,"서울 영등포구 신길로 110 2층
(지번) 신길동 3503",,
프리스콜레 김포점 보드카페,"경기 김포시 풍무로146번길 52-13
(지번) 풍무동 156-5","
영업시간 매일 11:00 ~ 24:00","031-981-3112
"
땅콩보드카페 보드카페,"서울 동대문구 서울시립대로 36
(지번) 전농동 647-1",,
보드까페갤럭시 보드카페,"경기 광명시 광명로 841
(지번) 광명동 290-14",,
보드스쿨 보드카페,"서울 은평구 연서로29길 7
(지번) 갈현동 456-6",,
잭보드카페 보드카페,"경기 부천시 조마루로297번길 51 2층
(지번) 중동 1133-3",,"032-329-0010
"
302호보드게임 보드카페,"서울 마포구 양화로 157 파라다이스텔 3층 302호
(지번) 동교동 159-6","
영업시간 화~금 12:00 ~ 23:00","010-6291-0599

"
보드게임 마스 보드카페,"경기 광명시 오리로 938 3층
(지번) 광명동 126-18",,"010-5388-4401
"
별보드게임 보드카페,"경기 하남시 미사강변중앙로 220
(지번) 망월동 1079-1",,
